CarrierCode,CarrierName,stddev_delay
UA,United Airlines,2665.4285608731907
AA,American Airlines,2576.9440684999854
SW,Southwest Airlines,2639.1388211620865
QF,Qantas,2612.1307649948612
DL,Delta Airlines,2638.6368626682297
LH,Lufthansa,2578.65854262484
EK,Emirates,2611.494188644942
BA,British Airways,2571.9047518130087
SQ,Singapore Airlines,2614.446903543967
AF,Air France,2644.1313639390273
